-- phpMyAdmin SQL Dump
-- version 5.2.1
-- https://www.phpmyadmin.net/
--
-- Host: 127.0.0.1
-- Generation Time: Jul 16, 2024 at 02:25 PM
-- Server version: 10.4.32-MariaDB
-- PHP Version: 8.2.12

SET SQL_MODE = "NO_AUTO_VALUE_ON_ZERO";
START TRANSACTION;
SET time_zone = "+00:00";


/*!40101 SET @OLD_CHARACTER_SET_CLIENT=@@CHARACTER_SET_CLIENT */;
/*!40101 SET @OLD_CHARACTER_SET_RESULTS=@@CHARACTER_SET_RESULTS */;
/*!40101 SET @OLD_COLLATION_CONNECTION=@@COLLATION_CONNECTION */;
/*!40101 SET NAMES utf8mb4 */;

--
-- Database: `phishingdb`
--

-- --------------------------------------------------------

--
-- Table structure for table `app_datetimerecord`
--

CREATE TABLE `app_datetimerecord` (
  `id` int(11) NOT NULL,
  `failed_click_datetime` datetime(6) DEFAULT NULL,
  `failed_responded_datetime` datetime(6) DEFAULT NULL
) ENGINE=InnoDB DEFAULT CHARSET=utf8mb4 COLLATE=utf8mb4_general_ci;

--
-- Dumping data for table `app_datetimerecord`
--

INSERT INTO `app_datetimerecord` (`id`, `failed_click_datetime`, `failed_responded_datetime`) VALUES
(1, '2024-07-16 12:44:47.000634', '2024-07-16 12:45:07.082487'),
(2, '2024-07-16 15:25:55.867911', '2024-07-16 15:31:14.393761'),
(3, '2024-07-16 15:48:07.134697', '2024-07-16 15:48:51.805500');

-- --------------------------------------------------------

--
-- Table structure for table `auth_group`
--

CREATE TABLE `auth_group` (
  `id` int(11) NOT NULL,
  `name` varchar(150) NOT NULL
) ENGINE=InnoDB DEFAULT CHARSET=utf8mb4 COLLATE=utf8mb4_general_ci;

-- --------------------------------------------------------

--
-- Table structure for table `auth_group_permissions`
--

CREATE TABLE `auth_group_permissions` (
  `id` bigint(20) NOT NULL,
  `group_id` int(11) NOT NULL,
  `permission_id` int(11) NOT NULL
) ENGINE=InnoDB DEFAULT CHARSET=utf8mb4 COLLATE=utf8mb4_general_ci;

-- --------------------------------------------------------

--
-- Table structure for table `auth_permission`
--

CREATE TABLE `auth_permission` (
  `id` int(11) NOT NULL,
  `name` varchar(255) NOT NULL,
  `content_type_id` int(11) NOT NULL,
  `codename` varchar(100) NOT NULL
) ENGINE=InnoDB DEFAULT CHARSET=utf8mb4 COLLATE=utf8mb4_general_ci;

--
-- Dumping data for table `auth_permission`
--

INSERT INTO `auth_permission` (`id`, `name`, `content_type_id`, `codename`) VALUES
(1, 'Can add log entry', 1, 'add_logentry'),
(2, 'Can change log entry', 1, 'change_logentry'),
(3, 'Can delete log entry', 1, 'delete_logentry'),
(4, 'Can view log entry', 1, 'view_logentry'),
(5, 'Can add permission', 2, 'add_permission'),
(6, 'Can change permission', 2, 'change_permission'),
(7, 'Can delete permission', 2, 'delete_permission'),
(8, 'Can view permission', 2, 'view_permission'),
(9, 'Can add group', 3, 'add_group'),
(10, 'Can change group', 3, 'change_group'),
(11, 'Can delete group', 3, 'delete_group'),
(12, 'Can view group', 3, 'view_group'),
(13, 'Can add user', 4, 'add_user'),
(14, 'Can change user', 4, 'change_user'),
(15, 'Can delete user', 4, 'delete_user'),
(16, 'Can view user', 4, 'view_user'),
(17, 'Can add content type', 5, 'add_contenttype'),
(18, 'Can change content type', 5, 'change_contenttype'),
(19, 'Can delete content type', 5, 'delete_contenttype'),
(20, 'Can view content type', 5, 'view_contenttype'),
(21, 'Can add session', 6, 'add_session'),
(22, 'Can change session', 6, 'change_session'),
(23, 'Can delete session', 6, 'delete_session'),
(24, 'Can view session', 6, 'view_session'),
(25, 'Can add date time record', 7, 'add_datetimerecord'),
(26, 'Can change date time record', 7, 'change_datetimerecord'),
(27, 'Can delete date time record', 7, 'delete_datetimerecord'),
(28, 'Can view date time record', 7, 'view_datetimerecord');

-- --------------------------------------------------------

--
-- Table structure for table `auth_user`
--

CREATE TABLE `auth_user` (
  `id` int(11) NOT NULL,
  `password` varchar(128) NOT NULL,
  `last_login` datetime(6) DEFAULT NULL,
  `is_superuser` tinyint(1) NOT NULL,
  `username` varchar(150) NOT NULL,
  `first_name` varchar(150) NOT NULL,
  `last_name` varchar(150) NOT NULL,
  `email` varchar(254) NOT NULL,
  `is_staff` tinyint(1) NOT NULL,
  `is_active` tinyint(1) NOT NULL,
  `date_joined` datetime(6) NOT NULL
) ENGINE=InnoDB DEFAULT CHARSET=utf8mb4 COLLATE=utf8mb4_general_ci;

-- --------------------------------------------------------

--
-- Table structure for table `auth_user_groups`
--

CREATE TABLE `auth_user_groups` (
  `id` bigint(20) NOT NULL,
  `user_id` int(11) NOT NULL,
  `group_id` int(11) NOT NULL
) ENGINE=InnoDB DEFAULT CHARSET=utf8mb4 COLLATE=utf8mb4_general_ci;

-- --------------------------------------------------------

--
-- Table structure for table `auth_user_user_permissions`
--

CREATE TABLE `auth_user_user_permissions` (
  `id` bigint(20) NOT NULL,
  `user_id` int(11) NOT NULL,
  `permission_id` int(11) NOT NULL
) ENGINE=InnoDB DEFAULT CHARSET=utf8mb4 COLLATE=utf8mb4_general_ci;

-- --------------------------------------------------------

--
-- Table structure for table `django_admin_log`
--

CREATE TABLE `django_admin_log` (
  `id` int(11) NOT NULL,
  `action_time` datetime(6) NOT NULL,
  `object_id` longtext DEFAULT NULL,
  `object_repr` varchar(200) NOT NULL,
  `action_flag` smallint(5) UNSIGNED NOT NULL CHECK (`action_flag` >= 0),
  `change_message` longtext NOT NULL,
  `content_type_id` int(11) DEFAULT NULL,
  `user_id` int(11) NOT NULL
) ENGINE=InnoDB DEFAULT CHARSET=utf8mb4 COLLATE=utf8mb4_general_ci;

-- --------------------------------------------------------

--
-- Table structure for table `django_content_type`
--

CREATE TABLE `django_content_type` (
  `id` int(11) NOT NULL,
  `app_label` varchar(100) NOT NULL,
  `model` varchar(100) NOT NULL
) ENGINE=InnoDB DEFAULT CHARSET=utf8mb4 COLLATE=utf8mb4_general_ci;

--
-- Dumping data for table `django_content_type`
--

INSERT INTO `django_content_type` (`id`, `app_label`, `model`) VALUES
(1, 'admin', 'logentry'),
(7, 'app', 'datetimerecord'),
(3, 'auth', 'group'),
(2, 'auth', 'permission'),
(4, 'auth', 'user'),
(5, 'contenttypes', 'contenttype'),
(6, 'sessions', 'session');

-- --------------------------------------------------------

--
-- Table structure for table `django_migrations`
--

CREATE TABLE `django_migrations` (
  `id` bigint(20) NOT NULL,
  `app` varchar(255) NOT NULL,
  `name` varchar(255) NOT NULL,
  `applied` datetime(6) NOT NULL
) ENGINE=InnoDB DEFAULT CHARSET=utf8mb4 COLLATE=utf8mb4_general_ci;

--
-- Dumping data for table `django_migrations`
--

INSERT INTO `django_migrations` (`id`, `app`, `name`, `applied`) VALUES
(1, 'contenttypes', '0001_initial', '2024-07-16 12:43:48.358589'),
(2, 'auth', '0001_initial', '2024-07-16 12:43:48.954041'),
(3, 'admin', '0001_initial', '2024-07-16 12:43:49.090007'),
(4, 'admin', '0002_logentry_remove_auto_add', '2024-07-16 12:43:49.090007'),
(5, 'admin', '0003_logentry_add_action_flag_choices', '2024-07-16 12:43:49.119770'),
(6, 'app', '0001_initial', '2024-07-16 12:43:49.138598'),
(7, 'app', '0002_datetimerecord_clicked_responded_datetime', '2024-07-16 12:43:49.154833'),
(8, 'app', '0003_alter_datetimerecord_clicked_datetime', '2024-07-16 12:43:49.237986'),
(9, 'app', '0004_remove_datetimerecord_id_and_more', '2024-07-16 12:43:49.412046'),
(10, 'app', '0005_rename_clicked_datetime_datetimerecord_failed_click_datetime_and_more', '2024-07-16 12:43:49.441540'),
(11, 'contenttypes', '0002_remove_content_type_name', '2024-07-16 12:43:49.562093'),
(12, 'auth', '0002_alter_permission_name_max_length', '2024-07-16 12:43:49.639263'),
(13, 'auth', '0003_alter_user_email_max_length', '2024-07-16 12:43:49.665017'),
(14, 'auth', '0004_alter_user_username_opts', '2024-07-16 12:43:49.687867'),
(15, 'auth', '0005_alter_user_last_login_null', '2024-07-16 12:43:49.750396'),
(16, 'auth', '0006_require_contenttypes_0002', '2024-07-16 12:43:49.754319'),
(17, 'auth', '0007_alter_validators_add_error_messages', '2024-07-16 12:43:49.758427'),
(18, 'auth', '0008_alter_user_username_max_length', '2024-07-16 12:43:49.780987'),
(19, 'auth', '0009_alter_user_last_name_max_length', '2024-07-16 12:43:49.808621'),
(20, 'auth', '0010_alter_group_name_max_length', '2024-07-16 12:43:49.846788'),
(21, 'auth', '0011_update_proxy_permissions', '2024-07-16 12:43:49.868034'),
(22, 'auth', '0012_alter_user_first_name_max_length', '2024-07-16 12:43:49.894237'),
(23, 'sessions', '0001_initial', '2024-07-16 12:43:49.936342');

-- --------------------------------------------------------

--
-- Table structure for table `django_session`
--

CREATE TABLE `django_session` (
  `session_key` varchar(40) NOT NULL,
  `session_data` longtext NOT NULL,
  `expire_date` datetime(6) NOT NULL
) ENGINE=InnoDB DEFAULT CHARSET=utf8mb4 COLLATE=utf8mb4_general_ci;

--
-- Indexes for dumped tables
--

--
-- Indexes for table `app_datetimerecord`
--
ALTER TABLE `app_datetimerecord`
  ADD PRIMARY KEY (`id`);

--
-- Indexes for table `auth_group`
--
ALTER TABLE `auth_group`
  ADD PRIMARY KEY (`id`),
  ADD UNIQUE KEY `name` (`name`);

--
-- Indexes for table `auth_group_permissions`
--
ALTER TABLE `auth_group_permissions`
  ADD PRIMARY KEY (`id`),
  ADD UNIQUE KEY `auth_group_permissions_group_id_permission_id_0cd325b0_uniq` (`group_id`,`permission_id`),
  ADD KEY `auth_group_permissio_permission_id_84c5c92e_fk_auth_perm` (`permission_id`);

--
-- Indexes for table `auth_permission`
--
ALTER TABLE `auth_permission`
  ADD PRIMARY KEY (`id`),
  ADD UNIQUE KEY `auth_permission_content_type_id_codename_01ab375a_uniq` (`content_type_id`,`codename`);

--
-- Indexes for table `auth_user`
--
ALTER TABLE `auth_user`
  ADD PRIMARY KEY (`id`),
  ADD UNIQUE KEY `username` (`username`);

--
-- Indexes for table `auth_user_groups`
--
ALTER TABLE `auth_user_groups`
  ADD PRIMARY KEY (`id`),
  ADD UNIQUE KEY `auth_user_groups_user_id_group_id_94350c0c_uniq` (`user_id`,`group_id`),
  ADD KEY `auth_user_groups_group_id_97559544_fk_auth_group_id` (`group_id`);

--
-- Indexes for table `auth_user_user_permissions`
--
ALTER TABLE `auth_user_user_permissions`
  ADD PRIMARY KEY (`id`),
  ADD UNIQUE KEY `auth_user_user_permissions_user_id_permission_id_14a6b632_uniq` (`user_id`,`permission_id`),
  ADD KEY `auth_user_user_permi_permission_id_1fbb5f2c_fk_auth_perm` (`permission_id`);

--
-- Indexes for table `django_admin_log`
--
ALTER TABLE `django_admin_log`
  ADD PRIMARY KEY (`id`),
  ADD KEY `django_admin_log_content_type_id_c4bce8eb_fk_django_co` (`content_type_id`),
  ADD KEY `django_admin_log_user_id_c564eba6_fk_auth_user_id` (`user_id`);

--
-- Indexes for table `django_content_type`
--
ALTER TABLE `django_content_type`
  ADD PRIMARY KEY (`id`),
  ADD UNIQUE KEY `django_content_type_app_label_model_76bd3d3b_uniq` (`app_label`,`model`);

--
-- Indexes for table `django_migrations`
--
ALTER TABLE `django_migrations`
  ADD PRIMARY KEY (`id`);

--
-- Indexes for table `django_session`
--
ALTER TABLE `django_session`
  ADD PRIMARY KEY (`session_key`),
  ADD KEY `django_session_expire_date_a5c62663` (`expire_date`);

--
-- AUTO_INCREMENT for dumped tables
--

--
-- AUTO_INCREMENT for table `auth_group`
--
ALTER TABLE `auth_group`
  MODIFY `id` int(11) NOT NULL AUTO_INCREMENT;

--
-- AUTO_INCREMENT for table `auth_group_permissions`
--
ALTER TABLE `auth_group_permissions`
  MODIFY `id` bigint(20) NOT NULL AUTO_INCREMENT;

--
-- AUTO_INCREMENT for table `auth_permission`
--
ALTER TABLE `auth_permission`
  MODIFY `id` int(11) NOT NULL AUTO_INCREMENT, AUTO_INCREMENT=29;

--
-- AUTO_INCREMENT for table `auth_user`
--
ALTER TABLE `auth_user`
  MODIFY `id` int(11) NOT NULL AUTO_INCREMENT;

--
-- AUTO_INCREMENT for table `auth_user_groups`
--
ALTER TABLE `auth_user_groups`
  MODIFY `id` bigint(20) NOT NULL AUTO_INCREMENT;

--
-- AUTO_INCREMENT for table `auth_user_user_permissions`
--
ALTER TABLE `auth_user_user_permissions`
  MODIFY `id` bigint(20) NOT NULL AUTO_INCREMENT;

--
-- AUTO_INCREMENT for table `django_admin_log`
--
ALTER TABLE `django_admin_log`
  MODIFY `id` int(11) NOT NULL AUTO_INCREMENT;

--
-- AUTO_INCREMENT for table `django_content_type`
--
ALTER TABLE `django_content_type`
  MODIFY `id` int(11) NOT NULL AUTO_INCREMENT, AUTO_INCREMENT=8;

--
-- AUTO_INCREMENT for table `django_migrations`
--
ALTER TABLE `django_migrations`
  MODIFY `id` bigint(20) NOT NULL AUTO_INCREMENT, AUTO_INCREMENT=24;

--
-- Constraints for dumped tables
--

--
-- Constraints for table `auth_group_permissions`
--
ALTER TABLE `auth_group_permissions`
  ADD CONSTRAINT `auth_group_permissio_permission_id_84c5c92e_fk_auth_perm` FOREIGN KEY (`permission_id`) REFERENCES `auth_permission` (`id`),
  ADD CONSTRAINT `auth_group_permissions_group_id_b120cbf9_fk_auth_group_id` FOREIGN KEY (`group_id`) REFERENCES `auth_group` (`id`);

--
-- Constraints for table `auth_permission`
--
ALTER TABLE `auth_permission`
  ADD CONSTRAINT `auth_permission_content_type_id_2f476e4b_fk_django_co` FOREIGN KEY (`content_type_id`) REFERENCES `django_content_type` (`id`);

--
-- Constraints for table `auth_user_groups`
--
ALTER TABLE `auth_user_groups`
  ADD CONSTRAINT `auth_user_groups_group_id_97559544_fk_auth_group_id` FOREIGN KEY (`group_id`) REFERENCES `auth_group` (`id`),
  ADD CONSTRAINT `auth_user_groups_user_id_6a12ed8b_fk_auth_user_id` FOREIGN KEY (`user_id`) REFERENCES `auth_user` (`id`);

--
-- Constraints for table `auth_user_user_permissions`
--
ALTER TABLE `auth_user_user_permissions`
  ADD CONSTRAINT `auth_user_user_permi_permission_id_1fbb5f2c_fk_auth_perm` FOREIGN KEY (`permission_id`) REFERENCES `auth_permission` (`id`),
  ADD CONSTRAINT `auth_user_user_permissions_user_id_a95ead1b_fk_auth_user_id` FOREIGN KEY (`user_id`) REFERENCES `auth_user` (`id`);

--
-- Constraints for table `django_admin_log`
--
ALTER TABLE `django_admin_log`
  ADD CONSTRAINT `django_admin_log_content_type_id_c4bce8eb_fk_django_co` FOREIGN KEY (`content_type_id`) REFERENCES `django_content_type` (`id`),
  ADD CONSTRAINT `django_admin_log_user_id_c564eba6_fk_auth_user_id` FOREIGN KEY (`user_id`) REFERENCES `auth_user` (`id`);
COMMIT;

/*!40101 SET CHARACTER_SET_CLIENT=@OLD_CHARACTER_SET_CLIENT */;
/*!40101 SET CHARACTER_SET_RESULTS=@OLD_CHARACTER_SET_RESULTS */;
/*!40101 SET COLLATION_CONNECTION=@OLD_COLLATION_CONNECTION */;
